path,ndcg_at_5,mean_average_precision,precision_at_1,DirectEstimator,DoublyRobust,SNIPS
TrivagoLogisticModelTraining_selu____model_0af1725893_0a0f30301d_ps_model,0.44027886833654384,0.4363405173798801,0.34748010610079577,0.19798991084098816,0.3101357187943374,0.33611861560294065
TrivagoLogisticModelTraining_selu____model_421844c44a_fcb075d83f_ps_model,0.4381165843443279,0.4298452936934336,0.33421750663129973,0.19237908720970154,0.3262836076154702,0.36983483238188775
