path,ndcg_at_5,mean_average_precision,precision_at_1,IPS,SNIPS,DirectEstimator,DoublyRobust
TrivagoLogisticModelInteraction_selu____softmax_explorer_583dbdd50c_d9b0801b7c_ps_per_pos_item_idx,0.47088085924472556,0.4561229715952709,0.3626187791914962,0.33773642836121914,0.24339743439233916,0.3262523114681244,0.3469433141470656
TrivagoLogisticModelInteraction_selu____softmax_explorer_1b974734d3_0240f2eb56_ps_per_pos_item_idx,0.4720380353843199,0.4577705733637461,0.3651956836849734,0.33914644896111834,0.24267944240905004,0.3287886679172516,0.34799540518621275
