{
    "model_task": "InteractionTraining____samples_trivago____epsilon___0_1__b4337a6816",
    "count": 39312,
    "mean_average_precision": 0.049145299145299144,
    "precision_at_1": 0.049145299145299144,
    "ndcg_at_5": 0.049145299145299144,
    "ndcg_at_10": 0.049145299145299144,
    "ndcg_at_15": 0.049145299145299144,
    "ndcg_at_20": 0.049145299145299144,
    "ndcg_at_50": 0.049145299145299144
}