index,clicked
count,8185.0
mean,0.047403787416004886
std,0.21251396667418596
min,0.0
25%,0.0
50%,0.0
75%,0.0
max,1.0
time,215.95466923713684
